{"cameraMode":{"drawMode":0,"name":"Shaded","section":"Shading Mode"},"sceneLighting":true,"audioPlay":false,"sceneViewState":{"showFog":true,"showMaterialUpdate":false,"showSkybox":true,"showFlares":true,"showImageEffects":true,"showParticleSystems":true},"in2DMode":false,"pivot":{"x":3.7946324348449709,"y":2.914292335510254,"z":-6.593564987182617},"rotation":{"x":-0.02529190294444561,"y":0.1986982822418213,"z":-0.0051295277662575249,"w":-0.979720950126648},"size":4.479733467102051,"orthographic":false}