{"cameraMode":{"drawMode":0,"name":"Shaded","section":"Shading Mode"},"sceneLighting":false,"audioPlay":false,"sceneViewState":{"showFog":true,"showMaterialUpdate":false,"showSkybox":true,"showFlares":true,"showImageEffects":true,"showParticleSystems":true},"in2DMode":false,"pivot":{"x":0.00001055002212524414,"y":1.5796411037445069,"z":4.570000171661377},"rotation":{"x":-0.11633677035570145,"y":0.7882488965988159,"z":-0.15716952085494996,"w":-0.5834614038467407},"size":6.689514636993408,"orthographic":false}