{"cameraMode":{"drawMode":0,"name":"Shaded","section":"Shading Mode"},"sceneLighting":true,"audioPlay":false,"sceneViewState":{"showFog":true,"showMaterialUpdate":false,"showSkybox":true,"showFlares":true,"showImageEffects":true,"showParticleSystems":true},"in2DMode":false,"pivot":{"x":0.0,"y":0.824999988079071,"z":5.960464477539063e-8},"rotation":{"x":-0.11633677035570145,"y":0.7882488965988159,"z":-0.15716952085494996,"w":-0.5834614038467407},"size":11.837964057922364,"orthographic":false}