{"cameraMode":{"drawMode":0,"name":"Shaded","section":"Shading Mode"},"sceneLighting":true,"audioPlay":false,"sceneViewState":{"showFog":true,"showMaterialUpdate":false,"showSkybox":true,"showFlares":true,"showImageEffects":true,"showParticleSystems":true},"in2DMode":false,"pivot":{"x":-3.092339038848877,"y":0.5233404040336609,"z":-1.4598027467727662},"rotation":{"x":-0.10599955171346665,"y":0.705028235912323,"z":-0.10785993933677674,"w":-0.6928676962852478},"size":36.1945915222168,"orthographic":false}