{"cameraMode":{"drawMode":0,"name":"Shaded","section":"Shading Mode"},"sceneLighting":true,"audioPlay":false,"sceneViewState":{"showFog":true,"showMaterialUpdate":false,"showSkybox":true,"showFlares":true,"showImageEffects":true,"showParticleSystems":true},"in2DMode":false,"pivot":{"x":0.21744012832641602,"y":0.6665594577789307,"z":-0.6510961055755615},"rotation":{"x":-0.08626338839530945,"y":0.8744072318077087,"z":-0.16890014708042146,"w":-0.44659093022346499},"size":7.030050754547119,"orthographic":false}